index,axis-0,axis-1,label
0,528.9416728860563,727.3011179699452,positive
1,529.7487687340567,699.859859137923,positive
