index,axis-0,axis-1,label
0,43.87706823766345,172.82627039349615,positive
