index,axis-0,axis-1,label
0,600.819643074975,416.84950350594715,positive
1,619.8058847214103,382.15051015211736,positive
2,648.6125961849671,410.3025236278661,positive
3,668.2535358192104,416.84950350594715,positive
