index,axis-0,axis-1,label
0,377.5676292324098,96.0474894799735,positive
