index,axis-0,axis-1,label
0,107.63764022971506,276.13453893757975,positive
