index,axis-0,axis-1,label
0,767.8420438942496,658.6979708898896,positive
