index,axis-0,axis-1,label
0,153.00621941422827,228.95118100501972,positive
1,194.25219264613918,269.54245624912255,positive
