index,axis-0,axis-1,label
0,712.1524303822046,604.6225490738457,positive
1,756.5427020222405,619.957370185858,positive
2,786.4052483982647,631.2567120578674,positive
3,723.4517722542138,636.0992871458711,negative
4,746.050455998232,567.4961400658158,negative
5,691.1679383341876,631.2567120578674,negative
6,768.6491397422503,660.3121625858907,negative
