index,axis-0,axis-1,label
0,580.5958071580981,351.1944528016406,positive
