index,axis-0,axis-1,label
0,332.39346807365024,662.3612489339881,positive
1,374.9488372811773,680.0380946048072,positive
2,405.71964270815846,666.9441348486449,positive
3,382.1505151470665,647.3031952144016,positive
4,402.44615276911793,721.284067836718,negative
