index,axis-0,axis-1,label
0,544.2764939980686,628.0283286658646,positive
