index,axis-0,axis-1,label
0,282.7774392458569,186.54689980950724,positive
