index,axis-0,axis-1,label
0,655.6557210221588,669.190216913898,positive
1,661.3053919581633,725.6869262739438,positive
2,708.1169511422012,697.4385715939209,positive
3,643.549283302149,778.955252241987,positive
4,736.3653058222241,758.7778560419706,negative
5,721.8375805582124,738.6004598419543,negative
6,692.7821300301888,782.1836356339895,negative
