index,axis-0,axis-1,label
0,529.7487687340567,657.0837791938882,positive
