index,axis-0,axis-1,label
0,601.4743410627832,264.95957033446575,positive
