index,axis-0,axis-1,label
0,415.1411583179641,398.00601198567847,positive
1,396.577953813949,411.72664140168956,positive
2,436.125650365981,415.76212064169283,positive
