index,axis-0,axis-1,label
0,394.1566662699471,721.6514470339405,positive
