index,axis-0,axis-1,label
0,394.156666269947,152.6488741934798,positive
1,393.3495704219464,220.44492542553468,positive
2,375.59346176593203,262.41390952156866,positive
