index,axis-0,axis-1,label
0,55.98350595767326,219.63782957753403,positive
