index,axis-0,axis-1,label
0,23.699672037647105,367.33636976165366,positive
1,33.38482221365496,418.18340818569476,positive
2,16.435809405641237,345.544781865636,positive
