index,axis-0,axis-1,label
0,557.9971234140796,776.5339646979851,positive
