index,axis-0,axis-1,label
0,760.5781812622438,150.22758664947781,positive
1,779.9484816142594,198.65333752951705,positive
