index,axis-0,axis-1,label
0,334.4315735178987,219.63782957753403,positive
