index,axis-0,axis-1,label
0,515.2210434700451,566.6890442178151,positive
1,510.3784683820411,607.0438366178478,positive
2,531.3629604300583,569.110331761817,positive
3,511.9926600780425,619.1502743378576,positive
4,462.7598133500027,602.2012615298438,negative
