index,axis-0,axis-1,label
0,180.27626654977394,665.1547376738947,positive
