index,axis-0,axis-1,label
0,309.41160222987844,117.13665688145107,positive
