index,axis-0,axis-1,label
0,201.26075859779093,459.3452964337281,positive
1,206.10333368579484,506.15685561776604,positive
2,239.19426345382163,581.2167694818268,positive
3,276.3206724618517,596.5515905938393,positive
4,183.5046499417765,435.9395168417092,positive
5,244.03683854182555,471.4517341537379,negative
