index,axis-0,axis-1,label
0,681.3474955753725,467.91594655497966,positive
1,747.4719923439916,484.9380942379905,positive
2,785.444475636862,530.11225539675,positive
3,649.9219921605833,465.9518525915554,positive
4,722.5934688072834,410.3025236278661,negative
