index,axis-0,axis-1,label
0,746.8575518462327,757.1636643459693,positive
1,768.6491397422503,778.1481563939861,positive
