index,axis-0,axis-1,label
0,315.8683690138836,538.4406895377922,positive
1,263.4071388938412,461.76658397773014,negative
