index,axis-0,axis-1,label
0,400.6134330539523,775.7268688499844,positive
