index,axis-0,axis-1,label
0,119.61662203601469,149.7327244802385,positive
