index,axis-0,axis-1,label
0,781.5626733102608,326.1744815136203,positive
