index,axis-0,axis-1,label
0,117.65252807259037,35.815274601627436,positive
1,200.14447453641216,74.4424558823059,positive
2,249.24682362202034,73.78775789449779,positive
