index,axis-0,axis-1,label
0,29.349342973651687,12.214196641366073,positive
