index,axis-0,axis-1,label
0,34.1919180616556,138.121148929468,positive
