index,axis-0,axis-1,label
0,645.9705708461508,302.76870192160135,positive
