index,axis-0,axis-1,label
0,294.076781117866,642.5560539298765,positive
