index,axis-0,axis-1,label
0,477.2875386140144,722.4585428819412,positive
1,465.1811008940046,758.7778560419706,positive
