index,axis-0,axis-1,label
0,734.7511141262228,406.88406631368565,positive
