index,axis-0,axis-1,label
0,54.801521243011855,96.70218746778161,positive
