index,axis-0,axis-1,label
0,650.8131459341548,506.156855617766,positive
