index,axis-0,axis-1,label
0,715.3808137742071,214.79525448953012,positive
1,755.7356061742399,251.1145676495595,positive
2,699.2388968141942,316.4893313376125,positive
3,717.8021013182091,368.950561457655,positive
4,726.6801556462163,339.0880150816307,positive
5,697.6247051181928,269.67777215357455,negative
6,773.4917148302542,167.98369530549223,negative
7,713.7666220782058,255.95714273756346,negative
