index,axis-0,axis-1,label
0,501.9602469159505,405.7196377132093,positive
1,526.1840724648506,372.3300403349957,positive
2,556.3001799040236,436.49044314019045,positive
3,556.3001799040236,451.54849685977695,positive
4,558.918971855256,327.1558791762361,negative
