index,axis-0,axis-1,label
0,62.440272741678456,318.9106188816144,positive
1,81.81057309369416,347.9660694096379,positive
2,30.15643882165233,269.6777721535746,negative
