index,axis-0,axis-1,label
0,272.16125319530414,475.1176244208689,positive
1,261.6860853903744,504.5790338722338,positive
2,241.39044776832307,503.92433588442566,positive
