index,axis-0,axis-1,label
0,515.2210434700452,784.6049231779914,positive
1,511.1855642300419,767.6559103699776,positive
2,534.5913438220608,771.6913896099809,positive
