index,axis-0,axis-1,label
0,716.1879096222078,569.110331761817,positive
1,696.8176092701922,551.3542231058026,positive
2,687.1324590941842,519.8774850337772,positive
3,688.7466507901855,583.6380570258289,negative
