index,axis-0,axis-1,label
0,335.2386693658993,471.45173415373796,positive
