index,axis-0,axis-1,label
0,246.4581260858275,134.89276553746544,positive
