index,axis-0,axis-1,label
0,134.6746757556012,621.1152757020773,positive
1,81.64413874314434,662.3612489339881,positive
2,107.17736026766062,670.2176247876855,positive
3,54.801521243011855,652.5407791168665,positive
