index,axis-0,axis-1,label
0,523.5652805136182,509.81661777469867,positive
1,492.794475086637,467.2612485671716,positive
2,561.5377638064886,478.39111435990947,positive
