index,axis-0,axis-1,label
0,344.9238195419072,170.40498284949416,positive
1,324.7464233418909,162.33402436948762,positive
