index,axis-0,axis-1,label
0,602.1290390505912,608.6760139337232,positive
