index,axis-0,axis-1,label
0,588.6667656381046,456.92400888972617,positive
