index,axis-0,axis-1,label
0,661.3053919581635,256.76423858556404,positive
