index,axis-0,axis-1,label
0,295.69097281386735,39.655455473388315,positive
1,363.4870240459223,13.828388337367414,positive
