index,axis-0,axis-1,label
0,654.8486251741581,351.1944528016405,positive
