index,axis-0,axis-1,label
0,267.5783672806474,729.7951416782234,positive
1,199.48977654860406,775.6240008247911,positive
2,164.79078319477424,782.8256786906803,positive
