index,axis-0,axis-1,label
0,324.7464233418908,63.06123506540723,positive
