index,axis-0,axis-1,label
0,723.4517722542137,782.9907314819902,positive
