index,axis-0,axis-1,label
0,785.5981525502639,717.6159677939372,positive
