index,axis-0,axis-1,label
0,577.9052135016913,691.8226583853531,positive
