index,axis-0,axis-1,label
0,465.18110089400454,227.70878805754057,positive
