index,axis-0,axis-1,label
0,513.6068517740437,650.627012409883,positive
