index,axis-0,axis-1,label
0,687.1324590941842,274.52034724157846,positive
