index,axis-0,axis-1,label
0,132.65761151773535,378.63571163366277,positive
