index,axis-0,axis-1,label
0,403.10085075692604,288.5286978955577,positive
