index,axis-0,axis-1,label
0,20.102527889182063,642.7203092997449,positive
1,73.13306490163893,565.465946738388,positive
