index,axis-0,axis-1,label
0,265.0213305898425,371.37184900165687,positive
