index,axis-0,axis-1,label
0,448.9297099034937,628.3169535679665,positive
1,459.40487770842344,675.4552086901504,positive
2,515.0542066721127,618.4964837508448,negative
