index,axis-0,axis-1,label
0,43.87706823766345,262.41390952156866,positive
