index,axis-0,axis-1,label
0,312.63998562188107,13.828388337367414,positive
