index,axis-0,axis-1,label
0,467.9159515499289,329.77467112746854,positive
