index,axis-0,axis-1,label
0,231.93040082181568,666.7689293698961,positive
