index,axis-0,axis-1,label
0,211.75300462179945,621.5715618818595,positive
