index,axis-0,axis-1,label
0,110.86602362171766,415.7621206416928,positive
1,30.15643882165233,390.7421493536726,negative
