index,axis-0,axis-1,label
0,432.0901711259778,692.595996505917,positive
1,424.82630849397196,727.301117969945,positive
